땐데긍뵀,路좆,竟생,커깃와빵긍뵀
1,35.7,0.0999,3
2,18.425,0.04365,9
3,17.68,0.08646,10
4,51,0.4243,10
5,39.05,0.15504,8
6,6.606,0.0624,8
7,44.4,0.2743,6
8,75.6,0.18668,10
9,23.49,0.05707,5
10,49.03,0.12149,10
11,169.068,0.32998,4
12,24.6,0.0786,8
13,24.15,0.05091,6
14,284.032,0.66783,10
15,7.459,0.1395,6
16,527.8809,2.48378,10
17,10.5,0.02112,4
18,33.25,0.215,11
19,14.924,0.04212,6
20,299.592,0.66737,7
21,12.14,0.02522,8
22,12,0.02718,8
23,26.8536,0.06381,7
24,21.4,0.0486,6
25,40.6,0.1204,6
26,16.15,0.02983,8
27,225.2385,0.39751,8
28,7.835,0.01784,13
29,25.4,0.0961,5
30,44.462,0.12791,7
31,46.55,0.16,8
32,32,0.098,6
33,5.9262,0.04559,12
34,74.6848,0.18647,7
35,26.496,0.0567,6
36,345.683,0.71173,13
37,10.05,0.05592,7
38,23.8,0.106,6
39,6,0.01165,8
40,6.86,0.02223,6
41,12.48,0.03749,10
42,9.22,0.02583,8
43,16.7553,0.04835,5
44,401.355,1.28547,7
45,16.43,0.02228,9
46,11.2,0.03125,5
47,42,0.1097,7
48,19.363,0.13222,8
49,22.4,0.0625,11
50,29.82,0.07218,8
51,39.22,0.10668,6
52,6.9,0.02132,5
53,121.845,0.29503,8
54,47.2208,0.10703,9
55,31.2,0.0718,7
56,221,1.1847,8
57,60.8475,0.52443,10
58,1606.8,4.82722,10
59,33.18,0.07232,9
60,220.225,1.566,6
61,36.8,,4
62,24.869,0.2629,10
63,46.43,0.1868,11
64,31.3,0.0692,9
65,334.865,0.83206,7
66,399.68,0.97115,7
67,33.6,0.092,8
68,36.8,0.08085,7
69,16.8,0.0288,10
70,316.084,0.67618,4
71,13.1359,0.10986,9
72,14.28,0.06752,13
73,17.36,0.03974,8
74,581.6702,1.36601,8
75,97.835,,7
76,17.52,0.23783,7
77,29.8,0.0707,10
78,25.24,0.0527,8
79,16.544,0.04639,7
80,6.206,0.05146,8
81,6.19,0.01171,5
82,9.614,0.02515,8
83,18.534,0.03694,10
84,83.107,0.41639,11
85,1204.1398,2.65344,8
86,34.0824,0.07529,9
87,282.15,0.76753,7
88,23.628,0.1695,5
89,9.5946,0.06703,5
90,5.6,0.01562,8
91,29.546,0.2353,7
92,34.85,0.07744,13
93,30,0.19158,8
94,15.3,0.04508,8
95,30.59,0.11723,10
96,11.737,0.03731,5
97,35.946,0.2871,8
98,93.566,0.21534,8
99,3.57,0.0999,12
100,237.32,0.44307,9
101,23.5,0.0499,9
102,29.6515,0.06551,7
103,133.24,0.37158,5
104,2009,4.46449,6
105,20.04,0.05137,12
106,92.2901,0.59174,8
107,17.65,0.07372,7
108,51.241,0.12903,10
109,9.03,0.02234,8
110,36.16,0.121,6
111,60.643,0.192,10
112,15.01,0.06575,5
113,43.61,0.1873,7
114,30.1,0.2817,10
115,25.8,0.04893,12
116,96.5321,0.14696,3
117,47,0.0723,8
118,98.849,0.25259,6
119,11.13,0.03059,6
120,42,0.1051,10
121,28.757,0.2297,8
122,22.842,0.04941,10
123,10.58,0.0237,7
124,31.086,0.3286,10
125,54.6418,0.38615,10
126,46.05,0.08773,5
127,62.69,0.12514,6
128,36.75,0.0987,5
129,50.6,0.1185,9
130,40,0.1247,8
131,181.769,0.67449,9
132,21.6436,0.0532,7
133,615.5794,1.06506,7
134,5.6,0.0812,8
135,6.54,0.01595,8
136,26.496,0.0567,4
137,5.8199,0.03545,10
138,276.33,0.58954,8
139,379.9998,0.565,7
140,335.345,0.83427,8
141,2212.3,5.93705,8
142,36.2848,0.08142,7
143,,0.16,8
144,40.8,0.115,11
145,34.6,0.2699,11
146,17.53,0.03421,7
147,26.378,0.195,8
148,18.2172,0.14591,4
149,11.7831,0.09595,6
150,143.2775,0.30592,7
151,11.632,0.23685,10
152,5.7514,0.04594,5
153,22.357,0.1779,11
154,46.117,0.3516,12
155,36,0.07,9
156,11.818,0.08997,6
157,13.36,0.04043,5
158,19.0999,0.43086,7
159,27.556,0.13303,9
160,1958.6602,4.45777,8
161,49.738,0.5258,9
162,75.88,0.17205,9
163,10.85,0.02484,9
164,58.1256,0.13403,8
165,58.84,0.13411,3
166,6.652,0.01366,5
167,44.82,0.3586,8
168,39.62,0.128,10
169,83.945,0.23346,8
170,73.271,0.16001,10
171,53.348,0.1175,8
172,23.2707,0.15538,7
173,43.85,0.0931,8
174,50.771,0.3596,8
175,187.852,0.44689,8
176,51.5,0.0662,6
177,32.8,0.0699,5
178,18.98,0.06883,8
179,37.303,0.3943,10
180,69.0008,0.15326,13
181,29.41,0.22945,9
182,24.68,0.0588,8
183,37.23,0.10221,9
184,8.1,0.02117,9
185,13.5717,0.04987,8
186,36.8,0.079,9
187,93.9211,0.32219,4
188,51.7,0.1787,11
189,14.89,0.04317,2
190,45.131,0.11781,9
191,265.5152,0.58749,10
192,11.23,0.03809,9
193,8.627,0.06891,8
194,,0.0606,9
195,21.565,0.05261,12
196,292.495,0.71862,7
197,30.6575,0.07665,8
198,22.5,0.0918,8
199,202.48542,4.58258,8
200,137.2,0.30503,9
201,6.5,0.00918,9
202,46,0.1269,8
203,7.3,0.01642,7
204,18.5,0.07069,6
205,8.38,0.0167,10
206,736.7004,1.5249,6
207,13.47,0.03281,10
208,1988.53,4.60238,7
209,16.7739,0.15811,11
210,35.946,0.2871,11
211,5.57,0.01466,9
212,8,0.03541,3
213,19.1,0.04014,10
214,29.3664,0.0636,7
215,244.2,0.42158,7
216,18.4,0.04268,4
217,5.7514,0.04594,6
218,11.6,0.02567,11
219,19.64,0.04905,9
220,21.8,0.048,10
221,29.25,0.06435,4
222,81.702,0.19602,11
223,47.672,,12
224,5.92,0.01448,6
225,87.23,0.22367,8
226,17.51,0.0495,8
227,11.19,0.03542,10
228,35.66,0.0651,7
229,21.2,0.12606,12
230,52.6545,0.37469,10
231,6.5,0.01774,9
232,6.42,0.01538,10
233,23.57,0.0661,8
234,6.8,0.03789,11
235,26.14,0.06975,7
236,1085.824,2.47487,7
237,202.6401,0.3036,9
238,31.2,0.0815,5
239,33.03,0.312,10
240,22.535,0.05975,7
241,40.26,0.0934,8
242,14.72,0.07547,8
243,6.4,0.0196,4
244,61.2,0.09112,11
245,577.9001,1.17003,11
246,38.828,0.3056,11
247,9.18,0.0391,8
248,451.1439,1.17979,9
249,35.946,0.2871,8
250,30.7,0.15472,8
251,11.3962,0.0784,10
252,992.685,2.7811,8
253,20.26,0.09284,9
254,15.57,0.05851,5
255,7.1385,0.04779,8
256,118.664,0.27287,11
257,31.913,0.2523,7
258,24.8,0.0841,11
259,14.3712,0.04808,6
260,,0.1011,9
261,81.8,0.20688,8
262,6,0.04009,7
263,69.7,0.15488,7
264,27.6,0.05926,9
265,35.946,0.2871,3
266,26.2,0.0554,7
267,128.607,0.29395,5
268,29.6,0.0631,8
269,19.8,0.38501,10
270,37.938,0.203,13
271,23.401,0.1713,4
272,36.655,0.0975,8
273,7.1,0.01682,11
274,22.325,0.06237,12
275,1558.7601,3.95003,8
276,11.4656,0.02866,12
277,78.125,0.18414,12
278,30.5,0.04839,13
279,67.3536,0.14806,5
280,6.4446,0.06064,7
281,448.43,0.87571,9
282,695.0248,1.55847,4
283,43.46,0.1442,7
284,1328.0198,2.88322,12
285,31.086,0.3286,10
286,827.2501,1.80734,6
287,37.11,0.17505,7
288,63.93,0.1365,12
289,10.12,0.01331,9
290,39.6,0.2658,6
291,7.531,0.01987,8
292,10.3616,0.02544,5
293,54,0.3716,5
294,110,0.20409,9
295,31.086,0.3286,6
296,5.6852,0.04183,7
297,6.2172,0.06572,9
298,9.5721,0.09564,11
299,1.355,0.03674,7
300,31.086,0.3286,12
301,18.841,0.04269,63
302,31.752,,76
303,9.2,0.025,44
304,42.4,0.25212,51
305,50.7,0.0877,83
306,41.86,0.10028,69
307,805.4989,2.12123,73
308,40.17,0.10692,39
309,7.3249,0.06815,71
310,12.004,0.02496,87
311,19.54,0.06156,44
312,20.5,0.0372,42
313,13.3114,0.0452,57
314,35.946,0.2871,40
315,14.905,0.14994,48
316,186.55,0.42948,41
317,48,0.1087,72
318,109.81,0.23056,45
319,45.7,0.0857,54
320,37.303,0.3943,79
321,8.973,0.02838,43
322,51,0.1503,69
323,55.313,0.25826,77
324,5.6356,0.05449,66
325,41.4,0.114,48
326,14.688,0.12964,68
327,14.2268,0.10352,44
328,43.455,0.10477,55
329,51.033,0.12606,70
330,556.04,1.30916,67
331,23.9894,0.17622,52
332,14.083,0.04427,70
333,46.9,0.261,70
334,835.545,1.90572,29
335,385.64,0.93362,77
336,36.97,0.2802,46
337,1543.703,3.58958,42
338,24.9,0.078,60
339,16.98,0.03914,47
340,26,0.0537,52
341,59.7512,0.13111,63
342,1193.4089,2.9785,39
343,50.892,0.3851,45
344,12.514,0.02348,62
345,28.47,0.14157,50
346,8.95,0.02128,68
347,25.662,0.1004,87
348,23.8,0.0666,73
349,5.51,0.01267,65
350,212.0399,0.3175,52
351,1202.9499,3.14077,42
352,270.76,0.45504,67
353,53.499,0.3032,60
354,469.8403,0.85897,39
355,39.7036,0.08696,46
356,11.07,0.04934,67
357,959.6267,,48
358,15.9,0.025,65
359,6.64,0.01565,87
360,37.435,0.0665,86
361,41.82,0.10709,86
362,324.4601,0.77798,59
363,51.394,0.12628,47
364,9.888,0.03143,59
365,11.44,0.02564,59
366,62.355,0.14429,43
367,178.251,0.44946,64
368,14.1,0.02729,72
369,8.47,0.01884,57
370,28.08,0.0975,66
371,9.186,0.01795,94
372,268.25,0.4024,68
373,101.6972,0.2241,62
374,12.83,0.06935,50
375,1113.6101,2.34178,49
376,15.6,0.10247,64
377,6.6,0.03272,62
378,922.4,2.13225,53
379,1336.31,3.02461,54
380,20.2,0.04414,42
381,20,0.02664,65
382,42.5,0.1076,58
383,10.26,0.04118,44
384,25.284,0.06409,59
385,23.3,0.0788,24
386,45.2,0.0884,43
387,1229.0602,2.89595,92
388,49.9,0.11722,73
389,14.55,0.02955,53
390,32.292,0.07325,54
391,315.9998,0.4718,64
392,26.555,0.06188,49
393,251.35,0.68638,47
394,31.82,0.13316,50
395,7.11,0.01944,72
396,47.6,0.1332,59
397,287.8,0.63074,35
398,7.65,0.01413,38
399,30.617,0.2347,42
400,7.4451,0.05435,27
401,136.8599,0.22425,50
402,11.86,0.03717,46
403,10.73,0.03301,53
404,43.75,0.0867,56
405,31.23,0.08397,41
406,6.124,0.01197,71
407,21.102,0.1618,58
408,146.546,0.3763,74
409,138.67,0.96084,86
410,36.8,0.13118,68
411,30.3,0.0989,64
412,22.2,0.0473,60
413,28.757,0.2297,55
414,46.498,0.1567,54
415,9.55,0.02007,49
416,14.67,0.03775,43
417,36.8,0.079,68
418,24.3,0.05389,60
419,129.2,0.71983,51
420,22.842,0.218,53
421,23.7,0.0765,62
422,24.26,0.04121,63
423,245.46,0.53098,73
424,812.7701,1.79495,70
425,115.07,0.19719,70
426,1207.94,2.45953,52
427,10.463,0.07731,38
428,68.13,0.15193,52
429,19.74,0.0849,63
430,28.3,0.0821,69
431,12.02,0.0284,48
432,15.87,0.04075,70
433,17.982,0.04793,55
434,9.511,0.0261,81
435,50.073,0.3217,62
436,33.5,0.1864,58
437,583.8,1.20721,83
438,9.49,0.02863,74
439,87.501,0.47656,61
440,11.26,0.027,62
441,487.232,1.02521,58
442,27.6,0.06092,60
443,20.927,0.2121,37
444,5.91,0.01739,55
445,6.834,0.01584,47
446,537.327,1.19363,51
447,41.7,0.0904,45
448,22.8,0.05126,49
449,6.2172,0.06572,35
450,211.45,0.31065,51
451,1255.4001,2.79047,52
452,13.4,0.03685,26
453,70.438,0.17269,47
454,16.1069,0.10229,49
455,18.93,0.02544,55
456,31.28,0.06498,57
457,9.96,0.0224,82
458,16.4,0.03786,63
459,10.84,0.02546,52
460,41,0.1519,65
461,34.1,0.0758,56
462,191.804,0.83927,54
463,33.6,0.09201,53
464,146.3168,,61
465,49.738,0.5258,70
466,197.123,0.46073,72
467,125.172,0.66327,45
468,101.708,0.1524,27
469,46.248,0.2733,89
470,21.2,0.0501,48
471,22.05,0.0476,48
472,38.06,0.12587,61
473,49,0.1324,41
474,8.49,0.02369,45
475,654.349,1.84292,35
476,23.935,0.1892,83
477,40.5,0.0843,42
478,38.2,0.08029,70
479,21.568,0.1723,57
480,84.64,0.22827,50
481,9.6,0.06415,62
482,162.17,0.34042,60
483,189.894,0.94165,55
484,2011.9702,6.13895,36
485,46.562,0.3449,45
486,9.2,0.01975,54
487,9.4848,0.0208,78
488,28.34,0.1634,63
489,30.507,0.072,55
490,10.9136,0.02705,67
491,12.5193,0.04065,72
492,8.374,0.08295,47
493,223.21,0.503,77
494,36.6,0.0479,52
495,31.086,0.3286,58
496,6.35,0.01296,62
497,22.235,0.0576,36
498,1821.1999,3.75153,48
499,29.9,0.1266,58
500,52.5,0.07698,63
501,26.2,0.07769,47
502,160.691,0.40948,70
503,9.1836,0.07659,47
504,10.32,0.04118,92
505,5.57,0.01904,63
506,104.2524,0.2258,38
507,31.086,0.3286,66
508,1898.74,4.55403,62
509,1308.2995,2.67432,48
510,51,0.1267,43
511,39.48,0.1698,55
512,243.444,0.59955,57
513,16.2739,0.10815,80
514,65.955,0.17092,58
515,62.8944,0.14947,64
516,509.525,1.13106,31
517,7.8605,0.01677,70
518,43.9,0.0874,16
519,140.325,0.37272,73
520,5.5711,0.03701,59
521,77.17,0.43535,45
522,34.83,0.13122,60
523,102.3086,0.22946,79
524,389.5198,0.58468,51
525,398.245,0.85153,73
526,47.9,0.0908,56
527,10.88,0.04857,57
528,13.16,0.0566,64
529,33.6,0.09201,66
530,24.46,0.07663,38
531,69.7,0.15488,65
532,21.949,0.1814,55
533,124.622,1.08743,48
534,,0.01714,73
535,35.946,0.2871,43
536,97.23,0.44082,43
537,69.49,0.22731,73
538,15.4,0.03727,53
539,89.13,0.28639,93
540,46.6,0.1644,82
541,5.88,0.00841,65
542,42.8,0.1585,59
543,28.884,0.06342,57
544,5.6128,0.04773,41
545,21.476,0.1539,43
546,75.045,0.12686,68
547,122.7455,0.24507,83
548,17.05,0.03789,72
549,144.075,0.33764,58
550,47.546,0.1205,57
551,234.065,0.62713,57
552,39,0.0806,49
553,23.76,0.09499,43
554,39.6,0.0957,79
555,24.2,0.0535,61
556,9.6,0.06415,55
557,231.949,0.58897,65
558,14.7,0.04515,28
559,6.38,0.02028,51
560,33.6,0.0937,77
561,1490.4,3.43674,74
562,179.62,0.45673,36
563,433.7467,,55
564,6.277,0.0446,67
565,10.26,0.04118,52
566,7.418,0.0215,64
567,163.517,0.39985,47
568,40.321,0.10213,65
569,36,0.2406,65
570,350.846,0.84472,60
571,889.45,2.06072,53
572,36.9,0.0723,62
573,55.2,0.11304,71
574,48.4,0.1202,47
575,28.873,0.2435,68
576,24.36,0.14166,49
577,44.07,0.12187,60
578,184,0.24196,31
579,26.1,0.1494,49
580,7.65,0.01762,72
581,42.868,0.0838,55
582,168.63,0.29938,37
583,20.58,0.05048,56
584,21.568,0.1723,62
585,49.738,0.5258,49
586,55.429,0.11844,36
587,55.9496,0.42091,79
588,37.8,0.1716,52
589,30,0.0583,41
590,728.07,1.54443,81
591,37.303,0.3943,41
592,34,0.0771,62
593,91.6392,0.21568,41
594,6.17,0.02093,55
595,110.55,0.20797,53
596,8.04,0.04474,59
597,45.038,0.09839,62
598,68.869,0.15914,56
599,7.0594,0.02866,71
600,319.4999,0.4673,48
601,16.87,0.05172,59
602,236.124,0.52139,79
603,1099.1752,5.93097,45
604,7.6602,0.04789,50
605,6.124,0.01197,51
606,120.8355,0.36199,49
607,151.8185,0.25048,81
608,437.26,1.0109,60
609,7.94,0.01791,49
610,141.595,0.39313,62
611,49.73,0.11384,72
612,18.4,0.04781,51
613,23.4,0.06515,75
614,102.7401,0.56628,62
615,23.04,0.165,74
616,22.953,0.04825,71
617,9.04,0.02023,24
618,,0.0952,66
619,7.36,0.01502,52
620,19.57,0.04359,58
621,9.2,0.01975,52
622,14.495,0.03753,59
623,6.216,0.01262,48
624,44.8,0.12268,55
625,502.4001,0.60414,54
626,150.52,0.89503,52
627,10.6,0.01764,52
628,52.9524,0.11612,43
629,39.56,0.09109,85
630,6.9037,0.04289,59
631,15.1654,0.03531,65
632,37.023,0.3418,72
633,35.96,0.08212,65
634,12.02,0.035,63
635,8.64,0.07626,46
636,108,0.29379,64
637,18.55,0.05184,59
638,38.917,0.3598,47
639,43.135,0.3446,62
640,6.2172,0.06572,65
641,76.36,0.16046,56
642,35.946,0.2871,88
643,18.72,0.05624,56
644,15.761,0.04024,63
645,38.24,0.1021,48
646,26.96,0.0596,68
647,12.72,0.03611,63
648,20,0.0411,49
649,28.14,0.06999,65
650,38.458,0.1573,68
651,17.48,0.04201,97
652,34,0.0628,51
653,41.038,0.0987,81
654,11.73,0.02874,43
655,46.92,0.113,76
656,34.1,0.1274,61
657,32.4,0.1021,78
658,11.172,0.0384,46
659,9.521,0.08293,61
660,9.31,0.032,61
661,1334,2.85588,55
662,6.4582,0.05152,52
663,44.78,0.1905,40
664,34.4,0.064,53
665,13.02,0.02981,50
666,33,0.1003,56
667,44.2,0.1013,51
668,23.4811,0.15138,76
669,506.875,1.45756,70
670,36.8,0.0956,74
671,8.8886,0.06168,52
672,10.85,0.02484,58
673,45.938,0.2987,71
674,1208.3204,2.46916,44
675,10.407,0.08615,57
676,91.86,0.2025,50
677,52.256,0.11088,53
678,59.1072,0.13115,70
679,19.909,0.04784,32
680,8.27,0.02945,64
681,5.5558,0.03405,51
682,8.56,0.03171,70
683,33.7892,,41
684,29.4,0.0794,50
685,28.757,0.2297,69
686,33.12,0.07195,41
687,9.2,0.02141,64
688,29.7,0.0597,57
689,6.6264,0.04896,48
690,241.94,0.56595,44
691,27.908,0.2073,64
692,1206.2189,2.49805,54
693,34.3,0.114,60
694,6.56,0.01793,80
695,132,0.31909,46
696,11.81,0.05387,59
697,17.18,0.03693,79
698,40.978,0.1406,78
699,31.086,0.3286,68
700,6.31,0.01815,52
701,12.7086,0.09701,56
702,63.25,0.15225,61
703,226.46,0.42026,68
704,26.496,0.0567,51
705,54.98,0.1775,63
706,32.55,0.07452,63
707,38.1,0.0847,55
708,11.98,0.04396,61
709,28.92,0.08305,52
710,21.0887,0.16159,48
711,20.9024,0.04435,50
712,7.89,0.03591,50
713,217.03,0.58029,53
714,15.8172,0.12987,64
715,125.692,0.85224,63
716,308.98,1.70785,50
717,6.124,0.01197,51
718,7.183,0.02533,55
719,164.539,0.39519,62
720,17.27,0.08285,59
721,49.738,0.5258,57
722,50.5296,0.11387,65
723,30.3,0.0397,65
724,36.1,0.08229,53
725,31.912,0.05472,68
726,21.2378,0.14099,53
727,10.0167,0.07852,51
728,26.0908,0.0609,79
729,14.63,0.05703,68
730,43.2552,0.11665,51
731,15.93,0.04309,54
732,6.28,0.01061,66
733,12.88,0.03014,50
734,112.25,0.29234,60
735,69.29,0.12859,52
736,48.566,0.10568,47
737,46.55,0.16,76
738,8.71,0.04847,64
739,21.7,0.0497,76
740,386.718,1.02076,56
741,,0.0674,67
742,41.68,0.10052,42
743,24.869,0.2629,44
744,16.45,0.05085,62
745,177.355,0.5132,59
746,1202.2998,2.35327,42
747,25.08,0.0894,51
748,12.22,0.02518,54
749,52,0.1196,77
750,2002.2001,4.48628,75
751,40.4676,0.08929,80
752,13.915,0.03514,90
753,114.53,0.27968,70
754,30.76,0.07128,68
755,24.18,0.0636,65
756,42.241,0.10335,64
757,302.03,0.63041,85
758,9.85,0.0349,50
759,676.3401,1.60846,50
760,7.9,0.0193,16
761,23.8,0.0855,48
762,255.364,0.72923,52
763,32.614,0.08354,40
764,35.378,0.08051,62
765,10.2,0.03006,66
766,50.8,0.1129,48
767,40.1,0.08918,56
768,53.15,0.44,43
769,38.565,0.09025,67
770,14.464,0.04838,46
771,21.4172,0.05057,35
772,2070.5501,4.41163,56
773,1356.8821,3.10427,28
774,45.81,0.09992,63
775,10.9303,0.08754,47
776,72.4073,0.51575,57
777,645.965,1.94367,59
778,36.8,0.0956,61
779,105,0.15396,44
780,43.4,0.0994,58
781,13.425,0.03218,43
782,26.34,0.10138,65
783,20.26,0.0415,31
784,12,0.02718,68
785,64.65,0.38029,49
786,36.8,0.0956,43
787,31.086,0.3286,50
788,8.43,0.0292,61
789,349.9002,0.585,60
790,135.003,0.58914,55
791,34.284,0.26009,55
792,118.905,0.29432,56
793,15.47,0.03793,78
794,126.1,0.28726,43
795,54.796,0.12953,44
796,27.2,0.07,51
797,10.0616,0.02215,59
798,28.3,0.0678,64
799,12.548,0.06213,44
800,35.946,0.2871,43
801,7.65,0.01323,69
802,7.82,0.02035,67
803,15.16,0.06443,60
804,40.008,0.09903,42
805,6.124,0.01197,83
806,24.165,0.05273,56
807,7.774,0.01752,65
808,12,0.07,66
809,27.942,0.07046,56
810,29.44,0.13194,61
811,51.113,0.12606,57
812,8.5,0.04736,58
813,138.004,0.28818,57
814,10.04,0.0387,63
815,28.7,0.0679,64
816,8.15,0.02543,55
817,258.011,0.64704,46
818,35.946,0.2871,36
819,375.04,0.98563,60
820,13.2372,0.09192,55
821,6.795,0.01621,77
822,6.3695,0.04511,44
823,144.48,0.33849,73
824,41.2,0.0529,54
825,1370.5,3.57659,71
826,30.07,0.07609,67
827,563.065,1.30619,69
828,85.306,0.14781,49
829,33.616,0.07915,60
830,14.98,0.02134,41
831,21.684,0.1861,44
832,84.025,0.20647,68
833,31.8088,0.07492,90
834,34.63,0.1763,76
835,43.941,0.19231,80
836,10.34,0.05148,69
837,6.4852,0.06057,39
838,1937.5999,4.09005,50
839,43.55,0.10547,80
840,72,0.16306,51
841,16.83,0.04709,73
842,140.995,0.2148,53
843,51.34,0.1756,41
844,495.485,1.16165,59
845,35.2,0.0464,54
846,8.67,0.03177,54
847,1021.824,2.21236,55
848,39.892,0.3153,72
849,75.31,0.20947,58
850,31.6,0.0626,46
851,5.865,0.04117,63
852,5.52,0.01434,67
853,21.91,0.04702,79
854,30.972,0.173,66
855,61.44,0.13081,32
856,8.02,0.01966,45
857,13.08,0.02665,35
858,139.74,0.37938,62
859,63.6384,0.43253,67
860,22.8,0.0508,55
861,6.825,0.01359,67
862,158.7311,1.161,66
863,77.4,0.19145,54
864,6.3,0.056,57
865,149.4,0.27868,55
866,40.219,0.3694,49
867,151.2825,0.31828,45
868,53.13,0.1512,77
869,32.8808,0.08574,55
870,54.246,0.147,68
871,25.3368,0.05842,62
872,174.6631,0.35696,58
873,8.19,0.03676,32
874,50.75,0.13014,36
875,941.68,2.19868,66
876,410.667,1.1113,55
877,48.71,0.09235,69
878,71.63,0.12284,57
879,25.8,0.0638,47
880,43.4,0.11849,64
881,7.84,0.01786,47
882,326.6,0.72353,43
883,,0.06638,42
884,5.52,0.01185,69
885,30.34,0.07536,59
886,79.4272,0.19239,45
887,54,0.15,54
888,24,0.14,65
889,145.41,0.4312,59
890,12.7813,0.11505,63
891,19.4332,0.14328,63
892,41.5,0.1079,50
893,422.5326,2.67407,62
894,318.49,0.73551,59
895,24,0.1604,49
896,290.45,0.98751,58
897,7.35,0.07685,85
898,9.08,0.02315,48
899,37.6,0.1176,60
900,20.3,0.0602,75
901,1152.7099,2.93498,28
902,50.9,0.12045,27
903,15,0.0216,62
904,60,0.099,65
905,28.4,0.0693,58
906,42.805,0.12642,40
907,48.096,0.4055,47
908,51.15,0.1137,78
909,49.346,0.11178,52
910,96.22,0.26895,59
911,35.946,0.2871,82
912,2640.5,5.58173,55
913,24,0.0469,57
914,444.22,0.84949,84
915,9.406,0.02768,62
916,36,0.08153,65
917,200,0.32674,85
918,14.884,0.03535,68
919,357.44,0.82818,44
920,14.79,0.06383,59
921,16.58,0.02605,45
922,19.46,0.04727,62
923,23.07,0.05917,37
924,24.99,0.08415,43
925,240.74,0.62893,38
926,37.4,0.111,74
927,27.89,0.08104,54
928,47.2,0.115,52
929,9.944,0.03326,44
930,159.699,0.31664,33
931,14.5738,0.11673,45
932,9.9,0.03659,63
933,22.6,0.05363,81
934,39.247,0.3777,83
935,16.56,0.03556,55
936,29.1,0.0725,51
937,12.14,0.05041,53
938,13.23,0.06328,52
939,368,0.79,63
940,24,0.1604,57
941,67.8275,0.27845,49
942,1238.024,2.80791,44
943,215.04,0.5514,70
944,49,0.1324,69
945,9.12,0.05475,78
946,17.05,0.03789,35
947,6.96,0.04435,50
948,846.1,1.98472,57
949,22.403,0.1799,38
950,33.021,0.15658,70
951,105.24,0.21656,53
952,86.43,0.20195,41
953,6.97,0.01762,47
954,1304.48,3.18016,49
955,19.05,0.03445,50
956,7.4,0.02092,48
957,31.086,0.3286,75
958,25.5,0.0646,98
959,485.6399,1.07943,57
960,33.6,0.09201,34
961,18.9957,0.04881,51
962,28.8,0.0625,57
963,52.087,0.26195,48
964,6.231,0.01491,55
965,13.1,0.03885,50
966,139.33,0.26977,63
967,20.8,0.1376,47
968,45.9,0.1057,41
969,50.25,0.10533,43
970,35.946,0.2871,52
971,157.4001,0.792,59
972,46.2,0.3101,51
973,747.4,1.79946,72
974,13.72,0.04447,43
975,7.308,0.05759,61
976,21.567,0.1723,54
977,238.815,0.53175,61
978,8.04,0.04474,55
979,477.9997,0.7019,65
980,49.123,0.13166,69
981,26.8,0.06339,70
982,31.086,0.3286,52
983,15.13,0.03496,58
984,35.28,0.14584,41
985,71.33,0.22458,64
986,37.4,0.111,70
987,5.98,0.01284,62
988,24.7296,0.05473,53
989,7.75,0.02013,36
990,13.6801,0.1134,68
991,30.42,0.07934,58
992,38.72,0.1644,68
993,6.8,0.01256,65
994,27.11,0.0537,41
995,30.999,0.07556,67
996,40,0.053,70
997,24,0.5555,40
998,63.585,0.15629,48
999,13.9012,0.04681,44
1000,22.102,0.1978,79
1001,50,0.0971,52
1002,10.78,0.13179,75
1003,27.7,0.0885,74
1004,22,0.0815,67
1005,73.1707,0.54539,40
1006,106.315,0.21124,51
1007,31.39,0.08896,68
1008,65.5,0.19424,41
1009,50.361,0.08337,67
1010,204.6,0.45467,69
1011,10.25,0.01317,29
1012,52.654,0.5009,76
1013,587.2,0.95528,65
1014,29.2,0.0636,62
1015,12.59,0.02835,69
1016,20.747,0.04276,64
1017,548.8999,2.77035,59
1018,29.2,0.0636,71
1019,29.2,0.043,56
1020,27.98,0.07951,42
1021,103.31,0.29025,46
1022,188.54,0.33926,78
1023,11.982,0.01981,66
1024,192.415,0.4925,52
1025,39.13,0.0878,64
1026,62,0.14623,36
1027,1695.2818,5.20587,46
1028,42.127,0.2788,62
1029,19.22,0.06415,41
1030,20.87,0.06415,62
1031,32.37,0.39,60
1032,23.17,0.06507,45
1033,11.9658,0.09291,43
1034,93.4001,0.5148,75
1035,36.8,0.0956,56
1036,1237.6199,3.0896,63
1037,12.618,0.09726,49
1038,,0.06469,59
1039,100,0.19258,38
1040,40.978,0.1406,72
1041,6.04,0.014,63
1042,39.49,0.09423,75
1043,9.74,0.02294,27
1044,12.9528,0.13384,55
1045,23.45,0.12423,42
1046,9.5797,0.02567,45
1047,9.15,0.05878,60
1048,29.54,0.11001,47
1049,13.8,0.029,56
1050,24,0.12013,39
1051,55.6908,0.12382,53
1052,26.3,0.079,54
1053,10.85,0.02484,73
1054,13.6228,0.08497,60
1055,39.744,0.085,56
1056,104.174,0.52391,66
1057,7.471,0.04763,73
1058,123.658,1.27624,86
1059,16.9738,0.13277,53
1060,13.01,0.02078,74
1061,78.25,0.11685,65
1062,26.813,0.2463,49
1063,76.84,0.21979,37
1064,49.57,0.10321,75
1065,21.548,0.07002,76
1066,147.2,0.31618,64
1067,625.0438,3.14345,61
1068,15.989,0.04906,73
1069,306.03,0.79575,59
1070,7.8938,0.02557,72
1071,83.4333,0.67101,71
1072,302.33,0.44726,45
1073,20.428,0.1849,57
1074,43.1924,0.09195,45
1075,23.2792,0.05765,53
1076,8.58,0.02549,58
1077,6.75,0.06,72
1078,1107.2001,2.5435,27
1079,26.4,0.1772,52
1080,10.08,0.04524,61
1081,37.303,0.3943,47
1082,1361.9602,2.79621,68
1083,20.5,0.0456,70
1084,49.27,0.12888,53
1085,31.086,0.3286,80
1086,38.755,0.08774,60
1087,37.64,0.06006,61
1088,21.47,0.04677,66
1089,10.4,0.07084,58
1090,54.5,0.1666,59
1091,6.36,0.01126,53
1092,30,0.0389,63
1093,12.17,0.05176,63
1094,34.85,0.07744,47
1095,58.8,0.14961,57
1096,5.8276,0.03892,58
1097,27.749,0.164,56
1098,45.03,0.1803,56
1099,11.6,0.03115,60
1100,50.52,0.1374,56
1101,21.359,0.02896,55
1102,5.885,0.01308,70
1103,42.8,0.1415,61
1104,6.15,0.01676,68
1105,370.375,0.99054,76
1106,21.1214,0.13362,45
1107,228.335,0.49324,48
1108,9.64,0.01581,61
1109,851.72,2.10301,60
1110,13.6,0.03524,65
1111,20.8,0.04325,62
1112,7.27,0.02852,53
1113,105.6,0.25527,71
1114,27,0.0536,60
1115,111.7316,0.18846,53
1116,492.61,1.70875,53
1117,45.461,0.3371,44
1118,9.31,0.032,59
1119,6.5824,0.04901,85
1120,35.946,0.2871,67
1121,43.135,0.3446,78
1122,24,0.0605,82
1123,47.946,0.36377,53
1124,1321.9313,2.93759,48
1125,26.4,0.1772,73
1126,19.025,0.04752,52
1127,22.125,0.05903,90
1128,50.66,0.07601,74
1129,206.1248,0.47079,84
1130,8.055,0.01931,46
1131,166.5,0.51908,62
1132,34.1,0.0758,61
1133,53.935,0.40218,66
1134,11.5,0.02518,55
1135,90,0.60143,65
1136,45.7,0.12086,61
1137,41,0.56,50
1138,38,0.0771,36
1139,28.15,0.12875,29
1140,575.155,1.33289,40
1141,17,0.09471,57
1142,11.3,0.02137,48
1143,9.107,0.01846,38
1144,25.6698,0.60616,44
1145,37.478,0.213,62
1146,120,0.27176,56
1147,20.5,0.0263,46
1148,11.0392,0.09722,74
1149,28.757,,50
1150,33.6,0.1556,68
1151,32.6,0.06392,59
1152,67.907,0.13238,53
1153,11.09,0.02742,48
1154,33.6,0.092,54
1155,10.1,0.02381,67
1156,26.6,0.0811,55
1157,37.151,0.3065,46
1158,118.221,0.27045,27
1159,34.224,0.0771,68
1160,658.5401,1.68894,54
1161,5.95,0.01611,59
1162,26.714,0.2193,67
1163,460.2411,1.04973,50
1164,5.6,0.01904,68
1165,31.086,0.3286,72
1166,8.04,0.05268,53
1167,391.6999,1.9206,56
1168,205.41,0.44631,55
1169,37.303,0.3943,49
1170,37.775,0.09546,53
1171,633.8309,1.4955,64
1172,7.92,0.01922,45
1173,10.131,0.02651,75
1174,29.98,0.1449,67
1175,6.124,0.01197,54
1176,12.077,0.02668,54
1177,52.87,0.1302,28
1178,29.2828,0.0623,57
1179,346.1499,0.63865,56
1180,7.0026,0.06008,63
1181,20,0.0623,63
1182,27.48,0.06033,55
1183,50,0.0901,44
1184,20.136,0.0544,60
1185,5.8,0.01912,31
1186,31.122,0.2692,46
1187,15.12,0.081,68
1188,5.7514,0.04594,78
1189,32.2,0.0873,32
1190,11.04,0.02453,27
1191,26.185,0.06368,44
1192,18.4,0.03951,39
1193,115,0.5544,60
1194,31.68,0.08613,62
1195,10.07,0.02195,35
1196,70.027,0.17248,49
1197,34.052,0.12452,45
1198,34.9,0.1279,77
1199,7.238,0.03113,78
1200,59.435,0.161,53
1201,36.9,0.1305,44
1202,7.6351,0.05843,67
1203,105.9244,0.8225,70
1204,45.9,0.1057,38
1205,6.327,0.03,56
1206,1798.9699,4.32991,27
1207,6.677,0.01415,55
1208,27.7,0.07402,72
1209,31.086,0.3286,63
1210,25.0972,0.05871,45
1211,18.69,0.09473,56
1212,48.027,0.10913,76
1213,487.834,1.19117,53
1214,23.448,0.0584,73
1215,21.144,0.1293,48
1216,27,0.0705,49
1217,5.65,0.01429,51
1218,9.56,0.03264,91
1219,25.2382,0.21783,73
1220,24,0.062,70
1221,48.3,0.133,52
1222,94.41,0.45398,52
1223,163,0.43733,75
1224,51,0.1503,54
1225,161.552,0.34878,86
1226,,1.77711,74
1227,56.725,0.13793,46
1228,27.81,0.06238,76
1229,40.1,0.0892,34
1230,184.7,0.54187,60
1231,27.74,0.06616,67
1232,14.255,0.02883,38
1233,14.3784,0.11485,41
1234,627.4,1.42872,62
1235,52.22,0.10273,73
1236,431.6,0.71586,57
1237,7.27,0.02852,51
1238,40.3,0.1027,41
1239,21.7,0.04968,91
1240,23.904,0.1527,50
1241,21.3,0.0567,61
1242,76.5472,0.17455,35
1243,5.53,0.01978,63
1244,8.07,0.03588,64
1245,22.482,0.193,51
1246,6.925,0.04556,57
1247,36.093,0.2821,67
1248,7.9882,0.05447,82
1249,6.72,0.02815,66
1250,20.354,0.1554,48
1251,9.4343,0.07605,61
1252,14.75,0.05815,52
1253,38.3,0.1089,34
1254,22.1,0.0603,37
1255,702.1968,3.47087,58
1256,24.99,0.0857,43
1257,39.3,0.1165,71
1258,15.57,0.07338,85
1259,31.9,0.1121,75
1260,31.086,0.3286,37
1261,17.94,0.04283,58
1262,36.8,0.07905,52
1263,26.67,0.04769,56
1264,9.24,0.02483,35
1265,16.31,0.06552,65
1266,42.93,0.09339,50
1267,25.4598,0.60727,43
1268,156.82,1.27175,38
1269,278.08,0.64754,55
1270,5.52,0.01581,76
1271,31.3,0.0469,65
1272,6.99,0.02042,49
1273,106.9088,0.20279,72
1274,5.6,0.01562,72
1275,107.8,0.18401,66
1276,6.43,0.01316,58
1277,187.2809,0.9403,46
1278,15.4198,0.12463,84
1279,60.063,0.16888,36
1280,23.103,0.0429,53
1281,37.95,0.52827,65
1282,24.3,0.0638,65
1283,7.27,0.02852,39
1284,24.509,0.05468,81
1285,194.198,0.37229,71
1286,35.6,0.1098,41
1287,3165.69,8.70067,55
1288,39.9,0.077,69
1289,25.935,0.0574,36
1290,29.09,0.06587,50
1291,10.1552,0.08294,48
1292,20.16,0.11311,37
1293,285.9998,0.4223,38
1294,25.378,0.1555,44
1295,21.7,0.0497,53
1296,26.222,0.1663,83
1297,30.6,0.0902,41
1298,22.4,0.0625,45
1299,5.76,0.02151,53
1300,23.54,0.0523,50
1301,26.496,0.05667,47
1302,129.764,0.30103,70
1303,29.47,0.0657,79
1304,26.496,0.0567,42
1305,11.06,0.02513,46
1306,9.3018,0.02246,51
1307,26.496,0.0567,37
1308,24,0.0348,58
1309,97.5801,0.27315,58
1310,125.717,0.61033,57
1311,5.75,0.01817,33
1312,539.015,1.271,57
1313,12.99,0.05213,60
1314,28.6,0.0888,67
1315,33,0.0735,69
1316,47.71,0.3466,45
1317,27.335,0.09646,65
1318,10.27,0.01497,63
1319,32.398,0.07387,58
1320,24.6,0.0666,72
1321,9.45,0.08393,53
1322,8.29,0.01922,50
1323,36.891,0.0939,51
1324,24.869,0.2629,56
1325,46.55,0.16,65
1326,23.8,0.0666,60
1327,6.1437,0.04526,67
1328,31.565,0.06709,70
1329,36.82,0.18821,79
1330,21.27,0.03092,72
1331,11.5184,0.02529,46
1332,27.04,0.32761,71
1333,380.5,0.5603,35
1334,277.122,0.66987,64
1335,193.472,0.44326,59
1336,8.84,0.02508,64
1337,13.15,,62
1338,42.5,0.1076,77
1339,31.54,0.0586,49
1340,106.625,0.19915,74
1341,34,0.1244,67
1342,27.32,0.07689,55
1343,101.2884,0.69808,49
1344,25.8,0.0716,58
1345,1009.3,2.37363,61
1346,7.35,0.07685,41
1347,33,0.2215,88
1348,83.295,0.35429,72
1349,2256.472,4.84373,59
1350,24.4,0.0536,75
1351,21.568,0.1723,49
1352,86.98,0.23519,68
1353,272.16,0.7295,80
1354,48,0.3208,63
1355,7.9612,0.01556,28
1356,38,0.07751,43
1357,113.1,0.31225,37
1358,20,0.0388,47
1359,682.39,1.6226,44
1360,16.41,0.03587,55
1361,16.66,0.02848,62
1362,33.52,0.06459,41
1363,24,0.5555,34
1364,40.6408,0.0952,63
1365,7.3866,0.04298,33
1366,135.79,1.14425,65
1367,14.72,0.0316,62
1368,9.01,0.02526,77
1369,32.64,0.14572,51
1370,880,2.53754,70
1371,153.75,0.34167,74
1372,399.3701,0.99523,50
1373,43.33,0.1376,67
1374,426.8178,0.82758,45
1375,48.961,0.11498,73
1376,49.68,0.11456,59
1377,24.869,0.2629,91
1378,7.57,0.01698,64
1379,43.8452,0.32783,61
1380,9.8,0.02397,58
1381,21.7482,0.15903,68
1382,23.247,0.1665,30
1383,25.5,0.10788,74
1384,10.21,0.02084,24
1385,56.25,0.11948,44
1386,23,0.08198,74
1387,31.086,0.3286,38
1388,27,0.0679,66
1389,40.978,0.1397,51
1390,70.76,0.53821,48
1391,17.85,0.03296,54
1392,862.3309,2.45197,65
1393,102.1705,0.40576,76
1394,23.56,0.05264,68
1395,23.099,0.05959,79
1396,171.157,1.29275,79
1397,38.417,0.23993,72
1398,20.4,0.0601,68
1399,48,0.3065,60
1400,7.8652,0.05981,47
1401,33.4,0.0864,16
1402,10.788,0.03085,68
1403,42.5,0.1076,65
1404,60.186,0.23841,82
1405,11.2437,0.09064,54
1406,11.6712,0.02825,72
1407,365.8002,0.7158,51
1408,33.8101,0.10468,73
1409,49.508,0.3559,59
1410,38.35,0.10974,70
1411,353.131,1.74476,36
1412,18.648,0.03912,62
1413,12.38,0.03366,54
1414,52.8,0.1345,47
1415,8.335,0.02115,31
1416,21.568,0.1723,51
1417,10.5,0.01755,57
1418,8.16,0.02404,59
1419,5.697,0.01126,51
1420,19.9291,0.14213,51
1421,27.93,0.096,62
1422,7.684,0.0257,62
1423,63.42,0.15584,48
1424,58.33,0.14725,68
1425,30.118,0.07177,82
1426,17.95,0.07192,54
1427,14.4,0.04261,34
1428,40.978,0.1406,73
1429,7.288,0.01949,67
1430,34.46,0.07662,54
1431,117.3445,0.47115,71
1432,39.8,0.109,56
1433,12.6,0.02789,69
1434,9.2,0.01976,44
1435,8.24,0.02244,70
1436,28.98,0.06322,64
1437,14.5312,0.0342,44
1438,12.655,0.02765,51
1439,117,0.16531,30
1440,99.36,0.22912,75
1441,603.165,1.12984,66
1442,155.49,0.36049,54
1443,126.9,0.32609,34
1444,115.66,0.3,45
1445,27.2,0.15154,52
1446,67.635,0.16386,49
1447,101.025,0.20785,87
1448,33.9,0.09376,69
1449,223.859,1.0568,81
1450,22.43,0.04938,58
1451,332.23,0.9251,53
1452,387.9201,0.79468,43
1453,21.59,0.05501,26
1454,10.8232,0.04434,26
1455,23.964,0.1914,66
1456,18.79,0.04395,53
1457,9.5847,0.10068,71
1458,40.31,0.52475,43
1459,7.3403,0.05494,84
1460,121.148,0.24779,49
1461,22.6,0.0766,45
1462,26.496,0.0567,32
1463,17.76,0.11642,72
1464,11.9,0.02729,65
1465,307.333,0.71552,70
1466,9.7119,0.02541,34
1467,34.5045,0.16164,45
1468,1280.615,3.27404,70
1469,20.455,0.04874,61
1470,53,0.3152,60
1471,1460.5602,3.05127,57
1472,39.2,0.1023,72
1473,42.2,0.1017,40
1474,,0.03428,54
1475,31.092,0.07954,59
1476,10.97,0.03046,74
1477,9.83,0.02348,54
1478,1224.5949,3.00577,63
1479,50.4,0.1464,44
1480,91.525,0.22405,69
1481,96.7175,0.16042,45
1482,64.237,0.16052,48
1483,7.14,0.01999,64
1484,28.757,0.2297,78
1485,38.655,0.09329,56
1486,18.15,0.06032,56
1487,21.568,0.1723,63
1488,7.91,0.01519,39
1489,24.165,0.1387,53
1490,28.65,0.061,66
1491,20.08,0.04453,57
1492,10.6547,0.02888,77
1493,51.5448,0.38119,43
1494,289.177,1.39768,84
1495,1223.7203,2.87579,45
1496,16.2,0.04038,37
1497,18.4,0.0395,38
1498,26.91,0.05268,76
1499,54.42,0.26698,54
1500,28.862,0.06661,59
1501,53.797,0.4702,39
1502,52.4,0.1538,67
1503,52.35,0.13228,54
1504,181.514,0.41335,46
1505,38.4,0.0505,53
1506,229.9999,1.1088,48
1507,19.401,0.04255,62
1508,21.4,0.0725,70
1509,20.6172,0.16195,24
1510,46.7092,0.10883,59
1511,9.2797,0.02238,50
1512,12.04,0.09445,66
1513,91.951,0.21788,44
1514,28.757,0.2297,62
1515,169.402,0.3702,45
1516,19.77,0.04744,43
1517,22.492,0.06326,32
1518,64.5025,0.14424,69
1519,11.35,0.02991,67
1520,51.2,0.347,70
1521,12.248,0.02394,51
1522,16.35,0.09082,60
1523,14.45,0.02669,66
1524,6.2172,0.06572,32
1525,8.525,0.01894,73
1526,7.1892,0.05743,49
1527,31.4,0.068,56
1528,8.172,0.02823,58
1529,2047.8,4.96716,61
1530,208.724,0.45734,56
1531,18.4,0.04117,37
1532,91,0.17971,68
1533,73.059,0.17798,59
1534,202.13,0.36926,67
1535,11.9,0.03331,61
1536,20.24,0.04843,82
1537,15.134,0.06509,40
1538,25.2,0.0678,64
1539,127.674,,42
1540,6.07,0.01373,59
1541,18.62,0.04289,51
1542,18.9,0.04694,47
1543,42.635,0.14912,45
1544,40.4,0.17444,60
1545,10.88,0.04857,46
1546,12.0869,0.09044,51
1547,14.7384,0.03486,64
1548,1062.75,2.42645,25
1549,56.4,0.05535,46
1550,79.74,0.11227,62
1551,10.82,0.03619,43
1552,280.54,0.4689,36
1553,1299.065,3.06801,63
1554,123.5021,0.89898,48
1555,10.2,0.02138,61
1556,32.659,0.09203,51
1557,8.206,0.01514,39
1558,7.9783,0.06306,49
1559,48.5,0.0981,78
1560,34,0.1894,58
1561,23.8,0.0666,54
1562,758.105,2.26603,40
1563,47.6,0.1332,71
1564,42.93,0.0985,76
1565,29.036,0.0644,56
1566,14.675,0.02715,48
1567,467.93,0.87366,73
1568,65.1523,0.14075,92
1569,139.1707,0.78933,51
1570,204.2345,0.88489,70
1571,6.34,0.0163,52
1572,23.2,0.1687,67
1573,24.9,0.03095,72
1574,10.532,0.04343,66
1575,312.8,0.84061,56
1576,31.086,0.3286,65
1577,35.25,0.0916,54
1578,48.8,0.10619,46
1579,31.76,0.14881,49
1580,21.568,0.1723,62
1581,111.5292,0.25582,58
1582,7.245,0.02075,57
1583,768.328,1.87292,42
1584,112.577,0.31695,69
1585,12.8,0.0281,46
1586,52.011,0.13607,60
1587,145.7925,0.27868,55
1588,8.3,0.06773,50
1589,29.9,0.1266,65
1590,11.55,0.04437,59
1591,48.933,0.4521,83
1592,33.444,0.1924,67
1593,7.36,0.01912,59
1594,8.8,0.03341,50
1595,778.775,2.09631,55
1596,172.92,0.41801,62
1597,8.1,0.02789,49
1598,230.4,0.5127,54
1599,32.2,0.07587,68
1600,44.1,0.2096,73
1601,16.36,0.07053,53
1602,43.73,0.12199,43
1603,44.854,0.32931,62
1604,9.7755,0.06301,59
1605,102.632,0.27617,68
1606,6.6,0.01595,56
1607,25.6,0.4102,82
1608,44.95,0.1111,55
1609,1273.7,2.83879,60
1610,12.64,0.04239,52
1611,6.44,0.01382,73
1612,1292.3001,2.91267,50
1613,24.075,0.1271,59
1614,10.1679,0.0957,34
1615,114.0275,0.44647,55
1616,1290.0398,2.95064,60
1617,8.5661,0.04778,93
1618,52.3,0.1096,43
1619,23.66,0.11178,49
1620,27,0.07459,69
1621,20.5,0.0263,48
1622,43.1,0.1585,47
1623,35.946,0.2871,60
1624,1242.8598,2.38544,59
1625,,0.04697,47
1626,19.482,0.0415,75
1627,35.1743,0.24224,53
1628,58.55,0.16099,43
1629,498.046,1.32681,62
1630,36.4,0.06084,47
1631,7.59,0.02268,49
1632,205.9399,0.3502,39
1633,51.44,0.11317,35
1634,1209.2,2.5147,68
1635,7.58,0.01755,47
1636,10.2,0.05683,39
1637,41.2592,0.0929,40
1638,28,0.0943,87
1639,10.98,0.02758,50
1640,147.55,0.31974,67
1641,33.596,0.1915,53
1642,38.2,0.0803,54
1643,1213.86,3.23947,53
1644,14.6,0.0215,73
1645,54.2,0.1072,63
1646,28.605,0.06147,78
1647,13.83,0.07821,67
1648,8.9921,0.08212,68
1649,530.938,1.37064,47
1650,504.748,1.33025,52
1651,8.82,0.09222,75
1652,22.184,0.04881,47
1653,20.0096,0.04541,38
1654,544.7777,1.00822,40
1655,17.162,0.03813,78
1656,5.52,0.01517,41
1657,21,0.0526,37
1658,39.75,0.0704,72
1659,23.73,0.05416,57
1660,26.04,0.1063,65
1661,66.968,0.16082,35
1662,304.5,0.80452,72
1663,38.7,0.0957,66
1664,46.436,0.4352,60
1665,50.2,0.1124,64
1666,31.086,0.3286,54
1667,11.34,0.12151,42
1668,21.1662,0.16583,54
1669,165.833,0.42005,33
1670,13.741,0.02942,59
1671,12.37,0.03446,55
1672,24.4,0.0476,69
1673,13.665,0.03256,70
1674,15.291,0.03511,57
1675,16.183,0.0591,81
1676,158.98,0.36998,62
1677,25.73,,52
1678,7.6729,0.05595,69
1679,16.684,0.03756,41
1680,13.3069,0.09931,57
1681,37.005,0.10504,64
1682,79.0437,0.15451,67
1683,27.6,0.0363,66
1684,16.37,0.03918,48
1685,394.905,1.04043,40
1686,5987.0501,13.79751,31
1687,9.2,0.01917,35
1688,6.1787,0.05417,31
1689,38.335,0.08013,67
1690,7.8016,0.01751,42
1691,20.308,0.04872,51
1692,24.84,0.05531,56
1693,269.735,0.64875,50
1694,22.9,0.04851,64
1695,51,0.1503,70
1696,64.3576,0.14752,66
1697,5.9755,0.04058,38
1698,17.8073,0.05623,70
1699,412.588,2.16124,54
1700,17.0132,0.05449,56
1701,9.3722,0.07403,19
1702,53.942,0.4793,53
1703,6.8448,0.01469,39
1704,94.61,0.28383,78
1705,74.3485,0.13891,36
1706,13.75,0.06415,55
1707,1068.8,2.36014,78
1708,18.18,0.06435,72
1709,9.2,0.01975,69
1710,25.8,0.0638,72
1711,41,0.05267,42
1712,8.3513,0.06057,48
1713,321.717,0.86911,62
1714,15.63,0.03851,51
1715,65,0.1365,41
1716,9.87,0.04245,47
1717,25.8,0.0638,33
1718,7.1892,0.05743,39
1719,248.18,0.68889,41
1720,184.4,0.41571,55
1721,1266.0502,,65
1722,6.8942,0.04436,52
1723,40.8,0.115,52
1724,34.002,0.3037,80
1725,7.1892,0.05743,65
1726,11.9206,0.02679,45
1727,9.6958,0.02035,49
1728,10.4256,0.02856,51
1729,22,0.0813,62
1730,30.268,0.13018,41
1731,373.35,1.10714,50
1732,13.175,0.03368,65
1733,10.6547,0.02888,88
1734,9.07,0.03758,63
1735,20.71,0.08233,81
1736,17.285,0.02589,60
1737,20.1,0.25,65
1738,1311.9501,3.03268,63
1739,13.5359,0.09196,67
1740,275.99,0.67238,52
1741,406.488,0.90487,57
1742,33.8,0.1049,67
1743,145.2024,0.32273,54
1744,6.52,0.01676,67
1745,47.472,0.1333,72
1746,13.5,0.03075,62
1747,15.54,0.06942,57
1748,10,0.01323,52
1749,7.4606,0.07886,48
1750,518.96,1.07497,43
1751,36.5,0.092,63
1752,29.71,0.07196,47
1753,138.6,0.31388,75
1754,36.8,0.079,64
1755,27.3,0.0694,67
1756,18.07,0.0373,70
1757,20.34,0.05787,40
1758,6.124,0.01197,66
1759,95.5,0.20073,54
1760,83.199,0.33395,77
1761,22.2,0.0662,48
1762,136.1396,0.31358,62
1763,8.08,0.02109,60
1764,9.92,0.11834,48
1765,30.5012,0.06677,75
1766,16.9732,0.05224,53
1767,18.59,0.04472,57
1768,50,0.1011,58
1769,12.685,0.0912,66
1770,7.1579,0.04806,54
1771,43.135,0.3446,75
1772,53.89,0.2056,57
1773,37.3,0.1549,68
1774,20.91,0.0465,33
1775,7.5,0.04397,79
1776,21.568,0.1723,52
1777,11.1212,0.09478,49
1778,638.9997,1.09979,25
1779,9.8096,0.02382,62
1780,5.52,0.01185,58
1781,43.57,0.4134,63
1782,11.5756,0.08104,44
1783,5.67,0.01955,43
1784,8.69,0.02388,68
1785,88.7,0.15508,35
1786,1264.1499,2.83041,43
1787,15.104,0.04013,53
1788,19.872,0.04582,52
1789,32.5,0.0672,55
1790,33.319,0.07787,79
1791,17.335,0.0401,53
1792,9.2,0.0239,64
1793,489.0002,0.942,60
1794,51.096,0.3931,69
1795,27.604,0.2078,55
1796,73.8223,0.35241,81
1797,12.4385,0.02464,38
1798,82.7168,0.17726,66
1799,10.2394,0.03977,53
1800,26.04,0.05962,72
1801,6.7344,0.0164,83
1802,7.5032,0.03096,49
1803,140.03,0.30543,66
1804,6.085,0.01303,41
1805,6,0.0165,41
1806,108.8,0.23842,50
1807,20.8,0.1376,55
1808,26.3,0.0786,52
1809,28.38,0.12118,27
1810,23.87,0.05465,60
1811,1881.4899,4.10453,62
1812,11.747,0.03127,51
1813,12.88,0.02931,64
1814,33.12,0.0836,42
1815,,0.2029,51
1816,17.73,0.04197,54
1817,13.2,0.02989,70
1818,7.74,0.01915,77
1819,249.5967,0.4535,69
1820,6.45,0.01595,77
1821,29.2,0.0636,59
1822,36,0.0974,49
1823,51.92,0.1503,33
1824,343.7856,0.79274,62
1825,378.193,0.85897,61
1826,260.7999,0.54022,64
1827,609.15,1.80639,68
1828,219.98,0.74257,92
1829,54.667,0.1136,79
1830,32,0.1386,54
1831,15.1906,0.12859,55
1832,50.472,0.1388,31
1833,27.8,0.0643,69
1834,22.005,0.05544,84
1835,19.737,0.0824,54
1836,20.7,0.0404,40
1837,46.368,0.09917,50
1838,15.345,0.0341,61
1839,1920.04,3.67744,68
1840,5.7822,0.05019,57
1841,46.93,0.10581,42
1842,7.19,0.03006,74
1843,200,0.38846,73
1844,13.955,0.15505,52
1845,263.075,0.59907,62
1846,42,0.245,66
1847,12.4032,0.04579,55
1848,1218.3299,2.72481,64
1849,35.886,0.2704,64
1850,66.36,0.14715,30
1851,9.3018,0.02255,82
1852,218.74,0.60183,69
1853,31.086,0.3286,56
1854,21.3,0.0577,53
1855,620.628,1.58159,71
1856,131.218,0.7693,51
1857,46.8,0.1784,77
1858,1400.53,3.52042,79
1859,31.45,0.07676,58
1860,31.2,0.0516,84
1861,21.568,0.1723,53
1862,84.4777,0.7574,54
1863,8.5035,0.05949,45
1864,14.72,0.03142,49
1865,32.053,0.08292,78
1866,50,0.105,62
1867,329.98,0.74335,82
1868,1846.9601,4.50385,63
1869,7.56,0.0173,36
1870,14.98,0.06571,55
1871,6.94,0.02385,37
1872,383.2699,0.65334,59
1873,20.6388,0.04805,63
1874,18.4,0.03951,83
1875,33.231,0.06855,51
1876,45.2088,0.10425,38
1877,246.23,0.67373,50
1878,25.2,0.16322,62
1879,849,2.12225,82
1880,9.3258,0.09858,69
1881,58.933,0.14938,74
1882,28.1,0.0738,54
1883,88.249,0.1355,56
1884,12.334,0.0297,81
1885,103,0.19423,54
1886,19.2904,0.06684,59
1887,9.66,0.03957,51
1888,98.25,0.29135,45
1889,303.0001,0.58269,76
1890,10.67,,58
1891,11.36,0.04548,86
1892,200.7,0.54547,53
1893,27.6,0.079,50
1894,24.7,0.0542,38
1895,629.55,1.31949,45
1896,53.626,0.4926,50
1897,17.5322,0.13878,40
1898,22.3644,0.1719,73
1899,368,0.79,50
1900,190.23,0.32486,52
1901,24.869,0.2629,70
1902,35.821,0.08499,49
1903,35.44,0.08743,61
1904,480.0001,0.9323,72
1905,6.2172,0.06572,53
1906,6.76,0.02446,56
1907,85.072,0.21543,59
1908,17.87,0.2454,62
1909,22.4,0.0613,59
1910,27.6,0.0853,70
1911,43.18,0.1506,50
1912,18.4,0.04365,86
1913,30.9,0.0645,65
1914,1226.5799,3.03809,64
1915,81.1579,0.18544,67
1916,17.0808,0.04167,68
1917,522.102,1.15687,47
1918,20.4,0.0601,51
1919,13.81,0.03621,73
1920,710.7048,1.46791,48
1921,15,0.12879,84
1922,48.25,0.5152,57
1923,77.804,0.17152,72
1924,33.2,0.0941,68
1925,27.13,0.06443,70
1926,11.0031,0.0892,63
1927,458.712,1.10813,60
1928,10.765,0.03802,45
1929,56.8648,0.1249,64
1930,1221.68,3.05528,65
1931,6.69,0.03131,60
1932,39.1,0.0973,51
1933,362.86,1.13025,45
1934,124.8946,0.92736,61
1935,33.7,0.0831,67
1936,66.7,0.14803,59
1937,26.739,0.07611,68
1938,35.02,0.08401,43
1939,27.5,1.0686,71
1940,50.16,0.1237,68
1941,133.545,0.37025,69
1942,6.9483,0.05913,54
1943,10.5248,0.02674,67
1944,1219.4059,2.99757,60
1945,5.836,0.04398,55
1946,639.3499,1.64892,28
1947,11.76,0.14377,63
1948,51,0.1503,65
1949,160.2,0.27253,75
1950,100.482,0.16721,65
1951,799.0691,1.97028,64
1952,18.75,0.03982,70
1953,27.031,0.2068,56
1954,367.14,0.97379,59
1955,30,,58
1956,43.135,0.3446,56
1957,1285.5998,2.69392,52
1958,12.25,0.0493,65
1959,1212.0802,2.54939,56
1960,7.2,0.04811,49
1961,128.245,0.25282,30
1962,30.235,0.05702,38
1963,49.738,0.5258,62
1964,28.68,0.06308,41
1965,29.614,0.1597,62
1966,18.02,0.07009,32
1967,20.95,0.04943,57
1968,6.47,0.05232,45
1969,27,0.0875,34
1970,8.5316,0.05662,75
1971,46.362,0.29146,42
1972,267.27,0.39305,60
1973,12.9,0.03191,62
1974,30.2,0.0459,50
1975,66.605,0.158,71
1976,10.8157,0.08234,51
1977,175.907,0.41951,64
1978,35.46,0.0891,67
1979,35.946,0.2871,71
1980,8.97,0.03799,60
1981,43.135,0.3446,50
1982,26.02,0.0416,74
1983,20.175,0.05693,46
1984,30.499,0.2894,41
1985,37.59,0.06649,58
1986,9.9532,0.07181,58
1987,32.568,0.2129,55
1988,35.057,0.17274,42
1989,100.274,0.17179,74
1990,533.187,1.03638,56
1991,8.125,0.01806,72
1992,89.62,0.36001,67
1993,1216.9499,2.46382,43
1994,18.34,0.09434,56
1995,73.532,0.73094,63
1996,34,0.18943,52
1997,42.01,0.3096,74
1998,564.065,1.20896,84
1999,109.35,0.29746,95
2000,10.25,0.02278,46
2001,55.603,0.13248,51
2002,31.086,0.3286,55
2003,6.96,0.02157,87
2004,20,0.0411,54
2005,25.5,0.0646,68
2006,7.712,0.01794,40
2007,16.462,0.02657,60
2008,12.21,0.06195,57
2009,69.6592,0.16979,39
2010,67.186,0.13816,45
2011,1199.4551,2.56974,54
2012,32.8384,0.08122,28
2013,32.79,0.12286,69
2014,147.99,0.29164,71
2015,46.19,0.19432,61
2016,24.632,0.06464,39
2017,789.21,1.63686,25
2018,47.1,0.0849,60
2019,44.162,0.42693,82
2020,167.6401,0.24948,57
2021,,0.04952,52
2022,93.1,0.32,46
2023,22.65,0.02986,47
2024,1199.0001,2.67417,24
2025,66.057,0.3977,67
2026,84.832,0.19059,60
2027,32.025,0.08311,72
2028,165.2,0.39094,32
2029,406.0001,0.77692,51
2030,7.2692,0.05069,57
2031,7.48,0.02293,52
2032,22.7379,0.17347,85
2033,159.9417,0.37412,47
2034,22.305,0.05069,36
2035,86.47,0.23452,50
2036,37,0.0896,74
2037,7.08,0.02311,58
2038,34.77,0.07621,50
2039,39.3789,0.30663,49
2040,7.874,0.02968,58
2041,30.865,0.0698,56
2042,24.1,0.0668,60
2043,113.16,0.26864,64
2044,12.7,0.04545,45
2045,25.58,0.07036,55
2046,32.27,0.05442,32
2047,32.76,0.05744,90
2048,40.968,0.10076,68
2049,558.565,1.28611,57
2050,45.561,0.11589,64
2051,74.0512,0.16295,59
2052,29.02,0.06449,50
2053,1231.4,2.98248,74
2054,1301.3552,2.94734,39
2055,68.4,0.14908,33
2056,14.823,0.04108,59
2057,9.2873,0.08704,60
2058,57.215,0.13018,74
2059,142.425,0.28726,61
2060,96.0548,0.2129,78
2061,19.1575,0.03967,81
2062,15,0.08794,65
2063,5.74,0.01383,63
2064,78.3544,0.17737,44
2065,108.28,0.795,60
2066,250.56,0.6716,67
2067,24.552,0.2485,63
2068,14,0.03228,66
2069,6,0.0401,66
2070,10.38,0.02154,42
2071,39.779,0.09622,56
2072,198.941,0.37114,64
2073,14.5738,0.11673,66
2074,30.79,0.1192,25
2075,42.8,0.1585,41
2076,10.52,0.05067,46
2077,43.135,0.3446,46
2078,983.985,2.24821,42
2079,14.306,0.0458,91
2080,39.87,0.09818,34
2081,12.42,0.02848,50
2082,51.629,0.13075,38
2083,213.6599,1.05198,64
2084,9.44,0.02862,42
2085,106.014,0.20798,56
2086,52.8,0.3544,63
2087,9.1536,0.02648,75
2088,179.08,0.45549,65
2089,30.335,0.241,55
2090,898.2451,2.0891,77
2091,129.01,0.3554,62
2092,41.3,0.0934,50
2093,44.986,,64
2094,85.9281,0.47362,67
2095,42.8,0.197,43
2096,44.5216,0.29753,50
2097,18.471,0.0434,65
2098,40.715,0.08267,45
2099,517.4998,2.4948,61
2100,18.3,0.02793,80
2101,29.96,0.06902,59
2102,23.4,0.0695,58
2103,673.0601,1.56277,48
2104,19.08,0.09504,77
2105,51.3,0.2176,58
2106,41.4,0.114,49
2107,8.8601,0.06314,59
2108,9.2,0.01976,69
2109,15.5112,0.03569,48
2110,10.71,0.02571,84
2111,38.378,0.2752,67
2112,13.87,0.06124,45
2113,23.65,0.10222,46
2114,48.7,0.1368,43
2115,9.59,0.04538,65
2116,13.26,0.03299,51
2117,373,0.9243,68
2118,30.37,0.1041,63
2119,28.1,0.0823,46
2120,53.29,0.0848,60
2121,7.8,0.01266,60
2122,41.538,0.11052,50
2123,17.382,0.0576,55
2124,14.042,0.03198,43
2125,55.1,0.12078,52
2126,311.682,0.80601,47
2127,21.568,0.1723,33
2128,9.09,0.02082,53
2129,39.3024,0.08385,73
2130,31.6449,0.21965,59
2131,29.603,0.10256,52
2132,569.5839,1.6526,39
2133,32.058,0.3203,68
2134,670.746,1.4239,53
2135,6.3854,0.05609,25
2136,24.93,0.06369,55
2137,719.927,2.21355,60
2138,7.03,0.02007,41
2139,45.382,0.08262,78
2140,23.18,0.04985,66
2141,219.6115,0.40664,65
2142,6,0.04009,50
2143,29.808,0.0729,61
2144,136.566,0.56838,50
2145,12.7413,0.10003,59
2146,595.03,1.48778,49
2147,15.68,0.03674,49
2148,50.324,0.402,76
2149,8.5,0.02237,66
2150,21,0.0437,54
2151,49.333,0.3439,46
2152,19.2,0.04348,78
2153,12.27,0.01896,53
2154,20.52,0.04859,52
2155,43.655,0.09131,43
2156,9,0.02352,63
2157,82.185,0.19523,67
2158,26.4,0.1772,66
2159,1293.9199,3.32771,41
2160,39.651,0.09432,45
2161,37.71,0.095,57
2162,21.672,0.2285,36
2163,49.9,0.1214,32
2164,2056.97,4.55473,64
2165,67.472,0.14548,63
2166,,0.03637,51
2167,17.4199,0.40131,54
2168,24.758,0.06948,46
2169,10.325,0.02335,54
